fiscal_year,disease,incidence_type,value,unit,note
2005,Foot & Mouth Disease,Outbreak,2270.0,value in Absolute Number,
2005,Haemorrhagic Septicaemia,Outbreak,775.0,value in Absolute Number,
2005,Black Quarter,Outbreak,519.0,value in Absolute Number,
2005,Anthrax,Outbreak,119.0,value in Absolute Number,
2005,Fascioliasis,Outbreak,67.0,value in Absolute Number,
2005,Enterotoxaemia,Outbreak,521.0,value in Absolute Number,
2005,Sheep & Goat Pox,Outbreak,529.0,value in Absolute Number,
2005,Cow Pox,Outbreak,,value in Absolute Number,
2005,Buffalo Pox,Outbreak,,value in Absolute Number,
2005,Blue Tongue,Outbreak,1183.0,value in Absolute Number,
2005,C.C.P.P.,Outbreak,12.0,value in Absolute Number,
2005,Amphistomiasis,Outbreak,,value in Absolute Number,
2005,Schistosomiasis,Outbreak,,value in Absolute Number,
2005,Swine Fever,Outbreak,54.0,value in Absolute Number,
2005,Salmonellosis,Outbreak,,value in Absolute Number,
2005,Coccidiosis,Outbreak,313.0,value in Absolute Number,
2005,Ranikhet (New Castle) Disease,Outbreak,391.0,value in Absolute Number,
2005,Fowl Pox,Outbreak,79.0,value in Absolute Number,
2005,Fowl Cholera,Outbreak,1.0,value in Absolute Number,
2005,Mareks Disease,Outbreak,,value in Absolute Number,
2005,I.B.D.,Outbreak,249.0,value in Absolute Number,
2005,Duck Plague,Outbreak,17.0,value in Absolute Number,
2005,Chronic Respiratory Disease,Outbreak,119.0,value in Absolute Number,
2005,Canine Distemper,Outbreak,,value in Absolute Number,
2005,Rabies,Outbreak,33.0,value in Absolute Number,
2005,Babesiosis,Outbreak,26.0,value in Absolute Number,
2005,Mastitis,Outbreak,,value in Absolute Number,
2005,Trypanismiasis,Outbreak,22.0,value in Absolute Number,
2005,Mange,Outbreak,3.0,value in Absolute Number,
2005,Peste Des Petits Ruminant,Outbreak,1071.0,value in Absolute Number,
2005,Anaplasmosis,Outbreak,13.0,value in Absolute Number,
2005,Brucellosis,Outbreak,3.0,value in Absolute Number,
2005,Coryza,Outbreak,17.0,value in Absolute Number,
2005,Highly Pathogenic Avian Influenza,Outbreak,,value in Absolute Number,
2005,Avian Influenza,Outbreak,,value in Absolute Number,
2005,Equine Influenza,Outbreak,,value in Absolute Number,
2005,Glander Disease,Outbreak,,value in Absolute Number,
2005,Foot & Mouth Disease,Attack,81909.0,value in Absolute Number,
2005,Haemorrhagic Septicaemia,Attack,4753.0,value in Absolute Number,
2005,Black Quarter,Attack,2396.0,value in Absolute Number,
2005,Anthrax,Attack,668.0,value in Absolute Number,
2005,Fascioliasis,Attack,311252.0,value in Absolute Number,
2005,Enterotoxaemia,Attack,9806.0,value in Absolute Number,
2005,Sheep & Goat Pox,Attack,21292.0,value in Absolute Number,
2005,Cow Pox,Attack,,value in Absolute Number,
2005,Buffalo Pox,Attack,,value in Absolute Number,
2005,Blue Tongue,Attack,280788.0,value in Absolute Number,
2005,C.C.P.P.,Attack,1067.0,value in Absolute Number,
2005,Amphistomiasis,Attack,,value in Absolute Number,
2005,Schistosomiasis,Attack,,value in Absolute Number,
2005,Swine Fever,Attack,4697.0,value in Absolute Number,
2005,Salmonellosis,Attack,,value in Absolute Number,
2005,Coccidiosis,Attack,85864.0,value in Absolute Number,
2005,Ranikhet (New Castle) Disease,Attack,72741.0,value in Absolute Number,
2005,Fowl Pox,Attack,2574.0,value in Absolute Number,
2005,Fowl Cholera,Attack,2.0,value in Absolute Number,
2005,Mareks Disease,Attack,,value in Absolute Number,
2005,I.B.D.,Attack,112392.0,value in Absolute Number,
2005,Duck Plague,Attack,611.0,value in Absolute Number,
2005,Chronic Respiratory Disease,Attack,108511.0,value in Absolute Number,
2005,Canine Distemper,Attack,,value in Absolute Number,
2005,Rabies,Attack,84.0,value in Absolute Number,
2005,Babesiosis,Attack,3648.0,value in Absolute Number,
2005,Mastitis,Attack,,value in Absolute Number,
2005,Trypanismiasis,Attack,425.0,value in Absolute Number,
2005,Mange,Attack,48.0,value in Absolute Number,
2005,Peste Des Petits Ruminant,Attack,65820.0,value in Absolute Number,
2005,Anaplasmosis,Attack,317.0,value in Absolute Number,
2005,Brucellosis,Attack,13.0,value in Absolute Number,
2005,Coryza,Attack,6762.0,value in Absolute Number,
2005,Highly Pathogenic Avian Influenza,Attack,,value in Absolute Number,
2005,Avian Influenza,Attack,,value in Absolute Number,
2005,Equine Influenza,Attack,,value in Absolute Number,
2005,Glander Disease,Attack,,value in Absolute Number,
2005,Foot & Mouth Disease,Death,2797.0,value in Absolute Number,
2005,Haemorrhagic Septicaemia,Death,2229.0,value in Absolute Number,
2005,Black Quarter,Death,956.0,value in Absolute Number,
2005,Anthrax,Death,569.0,value in Absolute Number,
2005,Fascioliasis,Death,96.0,value in Absolute Number,
2005,Enterotoxaemia,Death,3158.0,value in Absolute Number,
2005,Sheep & Goat Pox,Death,2834.0,value in Absolute Number,
2005,Cow Pox,Death,,value in Absolute Number,
2005,Buffalo Pox,Death,,value in Absolute Number,
2005,Blue Tongue,Death,64086.0,value in Absolute Number,
2005,C.C.P.P.,Death,305.0,value in Absolute Number,
2005,Amphistomiasis,Death,,value in Absolute Number,
2005,Schistosomiasis,Death,,value in Absolute Number,
2005,Swine Fever,Death,2539.0,value in Absolute Number,
2005,Salmonellosis,Death,,value in Absolute Number,
2005,Coccidiosis,Death,4199.0,value in Absolute Number,
2005,Ranikhet (New Castle) Disease,Death,13125.0,value in Absolute Number,
2005,Fowl Pox,Death,3131.0,value in Absolute Number,
2005,Fowl Cholera,Death,2.0,value in Absolute Number,
2005,Mareks Disease,Death,,value in Absolute Number,
2005,I.B.D.,Death,11402.0,value in Absolute Number,
2005,Duck Plague,Death,168.0,value in Absolute Number,
2005,Chronic Respiratory Disease,Death,7980.0,value in Absolute Number,
2005,Canine Distemper,Death,,value in Absolute Number,
2005,Rabies,Death,84.0,value in Absolute Number,
2005,Babesiosis,Death,10.0,value in Absolute Number,
2005,Mastitis,Death,,value in Absolute Number,
2005,Trypanismiasis,Death,26.0,value in Absolute Number,
2005,Mange,Death,,value in Absolute Number,
2005,Peste Des Petits Ruminant,Death,15864.0,value in Absolute Number,
2005,Anaplasmosis,Death,1.0,value in Absolute Number,
2005,Brucellosis,Death,,value in Absolute Number,
2005,Coryza,Death,300.0,value in Absolute Number,
2005,Highly Pathogenic Avian Influenza,Death,,value in Absolute Number,
2005,Avian Influenza,Death,,value in Absolute Number,
2005,Equine Influenza,Death,,value in Absolute Number,
2005,Glander Disease,Death,,value in Absolute Number,
2006,Foot & Mouth Disease,Outbreak,1646.0,value in Absolute Number,
2006,Haemorrhagic Septicaemia,Outbreak,770.0,value in Absolute Number,
2006,Black Quarter,Outbreak,534.0,value in Absolute Number,
2006,Anthrax,Outbreak,113.0,value in Absolute Number,
2006,Fascioliasis,Outbreak,66.0,value in Absolute Number,
2006,Enterotoxaemia,Outbreak,461.0,value in Absolute Number,
2006,Sheep & Goat Pox,Outbreak,1389.0,value in Absolute Number,
2006,Cow Pox,Outbreak,1.0,value in Absolute Number,
2006,Buffalo Pox,Outbreak,17.0,value in Absolute Number,
2006,Blue Tongue,Outbreak,154.0,value in Absolute Number,
2006,C.C.P.P.,Outbreak,1.0,value in Absolute Number,
2006,Amphistomiasis,Outbreak,12.0,value in Absolute Number,
2006,Schistosomiasis,Outbreak,,value in Absolute Number,
2006,Swine Fever,Outbreak,40.0,value in Absolute Number,
2006,Salmonellosis,Outbreak,,value in Absolute Number,
2006,Coccidiosis,Outbreak,335.0,value in Absolute Number,
2006,Ranikhet (New Castle) Disease,Outbreak,391.0,value in Absolute Number,
2006,Fowl Pox,Outbreak,44.0,value in Absolute Number,
2006,Fowl Cholera,Outbreak,4.0,value in Absolute Number,
2006,Mareks Disease,Outbreak,6.0,value in Absolute Number,
2006,I.B.D.,Outbreak,260.0,value in Absolute Number,
2006,Duck Plague,Outbreak,34.0,value in Absolute Number,
2006,Chronic Respiratory Disease,Outbreak,122.0,value in Absolute Number,
2006,Canine Distemper,Outbreak,34.0,value in Absolute Number,
2006,Rabies,Outbreak,17.0,value in Absolute Number,
2006,Babesiosis,Outbreak,26.0,value in Absolute Number,
2006,Mastitis,Outbreak,35.0,value in Absolute Number,
2006,Trypanismiasis,Outbreak,26.0,value in Absolute Number,
2006,Mange,Outbreak,536.0,value in Absolute Number,
2006,Peste Des Petits Ruminant,Outbreak,577.0,value in Absolute Number,
2006,Anaplasmosis,Outbreak,14.0,value in Absolute Number,
2006,Brucellosis,Outbreak,6.0,value in Absolute Number,
2006,Coryza,Outbreak,2.0,value in Absolute Number,
2006,Highly Pathogenic Avian Influenza,Outbreak,2.0,value in Absolute Number,
2006,Avian Influenza,Outbreak,,value in Absolute Number,
2006,Equine Influenza,Outbreak,,value in Absolute Number,
2006,Glander Disease,Outbreak,2.0,value in Absolute Number,
2006,Foot & Mouth Disease,Attack,65073.0,value in Absolute Number,
2006,Haemorrhagic Septicaemia,Attack,5143.0,value in Absolute Number,
2006,Black Quarter,Attack,2261.0,value in Absolute Number,
2006,Anthrax,Attack,616.0,value in Absolute Number,
2006,Fascioliasis,Attack,527668.0,value in Absolute Number,
2006,Enterotoxaemia,Attack,3974.0,value in Absolute Number,
2006,Sheep & Goat Pox,Attack,19935.0,value in Absolute Number,
2006,Cow Pox,Attack,10.0,value in Absolute Number,
2006,Buffalo Pox,Attack,181.0,value in Absolute Number,
2006,Blue Tongue,Attack,4951.0,value in Absolute Number,
2006,C.C.P.P.,Attack,45.0,value in Absolute Number,
2006,Amphistomiasis,Attack,375.0,value in Absolute Number,
2006,Schistosomiasis,Attack,,value in Absolute Number,
2006,Swine Fever,Attack,4519.0,value in Absolute Number,
2006,Salmonellosis,Attack,,value in Absolute Number,
2006,Coccidiosis,Attack,23763.0,value in Absolute Number,
2006,Ranikhet (New Castle) Disease,Attack,36416.0,value in Absolute Number,
2006,Fowl Pox,Attack,1566.0,value in Absolute Number,
2006,Fowl Cholera,Attack,284.0,value in Absolute Number,
2006,Mareks Disease,Attack,925.0,value in Absolute Number,
2006,I.B.D.,Attack,20198.0,value in Absolute Number,
2006,Duck Plague,Attack,1177.0,value in Absolute Number,
2006,Chronic Respiratory Disease,Attack,21778.0,value in Absolute Number,
2006,Canine Distemper,Attack,825.0,value in Absolute Number,
2006,Rabies,Attack,43.0,value in Absolute Number,
2006,Babesiosis,Attack,1233.0,value in Absolute Number,
2006,Mastitis,Attack,11907.0,value in Absolute Number,
2006,Trypanismiasis,Attack,321.0,value in Absolute Number,
2006,Mange,Attack,7413.0,value in Absolute Number,
2006,Peste Des Petits Ruminant,Attack,28075.0,value in Absolute Number,
2006,Anaplasmosis,Attack,73.0,value in Absolute Number,
2006,Brucellosis,Attack,551.0,value in Absolute Number,
2006,Coryza,Attack,500.0,value in Absolute Number,
2006,Highly Pathogenic Avian Influenza,Attack,,value in Absolute Number,
2006,Avian Influenza,Attack,,value in Absolute Number,
2006,Equine Influenza,Attack,,value in Absolute Number,
2006,Glander Disease,Attack,23.0,value in Absolute Number,value: 1702 samples tested out of which 23 found positive and destroyed
2006,Foot & Mouth Disease,Death,428.0,value in Absolute Number,
2006,Haemorrhagic Septicaemia,Death,1983.0,value in Absolute Number,
2006,Black Quarter,Death,1062.0,value in Absolute Number,
2006,Anthrax,Death,453.0,value in Absolute Number,
2006,Fascioliasis,Death,22.0,value in Absolute Number,
2006,Enterotoxaemia,Death,1932.0,value in Absolute Number,
2006,Sheep & Goat Pox,Death,5357.0,value in Absolute Number,
2006,Cow Pox,Death,,value in Absolute Number,
2006,Buffalo Pox,Death,,value in Absolute Number,
2006,Blue Tongue,Death,651.0,value in Absolute Number,
2006,C.C.P.P.,Death,19.0,value in Absolute Number,
2006,Amphistomiasis,Death,54.0,value in Absolute Number,
2006,Schistosomiasis,Death,,value in Absolute Number,
2006,Swine Fever,Death,2327.0,value in Absolute Number,
2006,Salmonellosis,Death,,value in Absolute Number,
2006,Coccidiosis,Death,11763.0,value in Absolute Number,
2006,Ranikhet (New Castle) Disease,Death,10120.0,value in Absolute Number,
2006,Fowl Pox,Death,388.0,value in Absolute Number,
2006,Fowl Cholera,Death,152.0,value in Absolute Number,
2006,Mareks Disease,Death,925.0,value in Absolute Number,
2006,I.B.D.,Death,12117.0,value in Absolute Number,
2006,Duck Plague,Death,546.0,value in Absolute Number,
2006,Chronic Respiratory Disease,Death,20369.0,value in Absolute Number,
2006,Canine Distemper,Death,29.0,value in Absolute Number,
2006,Rabies,Death,43.0,value in Absolute Number,
2006,Babesiosis,Death,6.0,value in Absolute Number,
2006,Mastitis,Death,,value in Absolute Number,
2006,Trypanismiasis,Death,9.0,value in Absolute Number,
2006,Mange,Death,,value in Absolute Number,
2006,Peste Des Petits Ruminant,Death,7059.0,value in Absolute Number,
2006,Anaplasmosis,Death,1.0,value in Absolute Number,
2006,Brucellosis,Death,6.0,value in Absolute Number,
2006,Coryza,Death,13.0,value in Absolute Number,
2006,Highly Pathogenic Avian Influenza,Death,104834.0,value in Absolute Number,value: Figures pertains to number of poultry destroyed
2006,Avian Influenza,Death,,value in Absolute Number,
2006,Equine Influenza,Death,,value in Absolute Number,
2006,Glander Disease,Death,23.0,value in Absolute Number,value: Figures pertains to number of animals destroyed
2007,Foot & Mouth Disease,Outbreak,1547.0,value in Absolute Number,
2007,Haemorrhagic Septicaemia,Outbreak,470.0,value in Absolute Number,
2007,Black Quarter,Outbreak,467.0,value in Absolute Number,
2007,Anthrax,Outbreak,111.0,value in Absolute Number,
2007,Fascioliasis,Outbreak,85.0,value in Absolute Number,
2007,Enterotoxaemia,Outbreak,462.0,value in Absolute Number,
2007,Sheep & Goat Pox,Outbreak,777.0,value in Absolute Number,
2007,Cow Pox,Outbreak,2.0,value in Absolute Number,
2007,Buffalo Pox,Outbreak,9.0,value in Absolute Number,
2007,Blue Tongue,Outbreak,302.0,value in Absolute Number,
2007,C.C.P.P.,Outbreak,2.0,value in Absolute Number,
2007,Amphistomiasis,Outbreak,17.0,value in Absolute Number,
2007,Schistosomiasis,Outbreak,,value in Absolute Number,
2007,Swine Fever,Outbreak,93.0,value in Absolute Number,
2007,Salmonellosis,Outbreak,,value in Absolute Number,
2007,Coccidiosis,Outbreak,204.0,value in Absolute Number,
2007,Ranikhet (New Castle) Disease,Outbreak,280.0,value in Absolute Number,
2007,Fowl Pox,Outbreak,72.0,value in Absolute Number,
2007,Fowl Cholera,Outbreak,6.0,value in Absolute Number,
2007,Mareks Disease,Outbreak,,value in Absolute Number,
2007,I.B.D.,Outbreak,177.0,value in Absolute Number,
2007,Duck Plague,Outbreak,20.0,value in Absolute Number,
2007,Chronic Respiratory Disease,Outbreak,165.0,value in Absolute Number,
2007,Canine Distemper,Outbreak,94.0,value in Absolute Number,
2007,Rabies,Outbreak,43.0,value in Absolute Number,
2007,Babesiosis,Outbreak,45.0,value in Absolute Number,
2007,Mastitis,Outbreak,53.0,value in Absolute Number,
2007,Trypanismiasis,Outbreak,27.0,value in Absolute Number,
2007,Mange,Outbreak,290.0,value in Absolute Number,
2007,Peste Des Petits Ruminant,Outbreak,434.0,value in Absolute Number,
2007,Anaplasmosis,Outbreak,13.0,value in Absolute Number,
2007,Brucellosis,Outbreak,,value in Absolute Number,
2007,Coryza,Outbreak,5.0,value in Absolute Number,
2007,Highly Pathogenic Avian Influenza,Outbreak,2.0,value in Absolute Number,
2007,Avian Influenza,Outbreak,,value in Absolute Number,
2007,Equine Influenza,Outbreak,,value in Absolute Number,
2007,Glander Disease,Outbreak,,value in Absolute Number,
2007,Foot & Mouth Disease,Attack,51101.0,value in Absolute Number,
2007,Haemorrhagic Septicaemia,Attack,3563.0,value in Absolute Number,
2007,Black Quarter,Attack,2037.0,value in Absolute Number,
2007,Anthrax,Attack,490.0,value in Absolute Number,
2007,Fascioliasis,Attack,391632.0,value in Absolute Number,
2007,Enterotoxaemia,Attack,6782.0,value in Absolute Number,
2007,Sheep & Goat Pox,Attack,18261.0,value in Absolute Number,
2007,Cow Pox,Attack,3.0,value in Absolute Number,
2007,Buffalo Pox,Attack,34.0,value in Absolute Number,
2007,Blue Tongue,Attack,3856.0,value in Absolute Number,
2007,C.C.P.P.,Attack,163.0,value in Absolute Number,
2007,Amphistomiasis,Attack,772.0,value in Absolute Number,
2007,Schistosomiasis,Attack,,value in Absolute Number,
2007,Swine Fever,Attack,2996.0,value in Absolute Number,
2007,Salmonellosis,Attack,,value in Absolute Number,
2007,Coccidiosis,Attack,11407.0,value in Absolute Number,
2007,Ranikhet (New Castle) Disease,Attack,75726.0,value in Absolute Number,
2007,Fowl Pox,Attack,3787.0,value in Absolute Number,
2007,Fowl Cholera,Attack,307.0,value in Absolute Number,
2007,Mareks Disease,Attack,,value in Absolute Number,
2007,I.B.D.,Attack,28048.0,value in Absolute Number,
2007,Duck Plague,Attack,364.0,value in Absolute Number,
2007,Chronic Respiratory Disease,Attack,29046.0,value in Absolute Number,
2007,Canine Distemper,Attack,1282.0,value in Absolute Number,
2007,Rabies,Attack,301.0,value in Absolute Number,
2007,Babesiosis,Attack,1670.0,value in Absolute Number,
2007,Mastitis,Attack,10631.0,value in Absolute Number,
2007,Trypanismiasis,Attack,309.0,value in Absolute Number,
2007,Mange,Attack,4817.0,value in Absolute Number,
2007,Peste Des Petits Ruminant,Attack,18328.0,value in Absolute Number,
2007,Anaplasmosis,Attack,86.0,value in Absolute Number,
2007,Brucellosis,Attack,,value in Absolute Number,
2007,Coryza,Attack,10200.0,value in Absolute Number,
2007,Highly Pathogenic Avian Influenza,Attack,134.0,value in Absolute Number,
2007,Avian Influenza,Attack,,value in Absolute Number,
2007,Equine Influenza,Attack,,value in Absolute Number,
2007,Glander Disease,Attack,,value in Absolute Number,
2007,Foot & Mouth Disease,Death,1338.0,value in Absolute Number,
2007,Haemorrhagic Septicaemia,Death,1252.0,value in Absolute Number,
2007,Black Quarter,Death,768.0,value in Absolute Number,
2007,Anthrax,Death,452.0,value in Absolute Number,
2007,Fascioliasis,Death,29.0,value in Absolute Number,
2007,Enterotoxaemia,Death,1969.0,value in Absolute Number,
2007,Sheep & Goat Pox,Death,3681.0,value in Absolute Number,
2007,Cow Pox,Death,,value in Absolute Number,
2007,Buffalo Pox,Death,,value in Absolute Number,
2007,Blue Tongue,Death,545.0,value in Absolute Number,
2007,C.C.P.P.,Death,87.0,value in Absolute Number,
2007,Amphistomiasis,Death,4.0,value in Absolute Number,
2007,Schistosomiasis,Death,,value in Absolute Number,
2007,Swine Fever,Death,950.0,value in Absolute Number,
2007,Salmonellosis,Death,,value in Absolute Number,
2007,Coccidiosis,Death,4612.0,value in Absolute Number,
2007,Ranikhet (New Castle) Disease,Death,14423.0,value in Absolute Number,
2007,Fowl Pox,Death,388.0,value in Absolute Number,
2007,Fowl Cholera,Death,294.0,value in Absolute Number,
2007,Mareks Disease,Death,,value in Absolute Number,
2007,I.B.D.,Death,7292.0,value in Absolute Number,
2007,Duck Plague,Death,177.0,value in Absolute Number,
2007,Chronic Respiratory Disease,Death,16194.0,value in Absolute Number,
2007,Canine Distemper,Death,72.0,value in Absolute Number,
2007,Rabies,Death,301.0,value in Absolute Number,
2007,Babesiosis,Death,13.0,value in Absolute Number,
2007,Mastitis,Death,,value in Absolute Number,
2007,Trypanismiasis,Death,14.0,value in Absolute Number,
2007,Mange,Death,,value in Absolute Number,
2007,Peste Des Petits Ruminant,Death,4025.0,value in Absolute Number,
2007,Anaplasmosis,Death,,value in Absolute Number,
2007,Brucellosis,Death,,value in Absolute Number,
2007,Coryza,Death,18.0,value in Absolute Number,
2007,Highly Pathogenic Avian Influenza,Death,133.0,value in Absolute Number,
2007,Avian Influenza,Death,,value in Absolute Number,
2007,Equine Influenza,Death,,value in Absolute Number,
2007,Glander Disease,Death,,value in Absolute Number,
2008,Foot & Mouth Disease,Outbreak,449.0,value in Absolute Number,
2008,Haemorrhagic Septicaemia,Outbreak,359.0,value in Absolute Number,
2008,Black Quarter,Outbreak,294.0,value in Absolute Number,
2008,Anthrax,Outbreak,68.0,value in Absolute Number,
2008,Fascioliasis,Outbreak,84.0,value in Absolute Number,
2008,Enterotoxaemia,Outbreak,283.0,value in Absolute Number,
2008,Sheep & Goat Pox,Outbreak,63.0,value in Absolute Number,
2008,Cow Pox,Outbreak,3.0,value in Absolute Number,
2008,Buffalo Pox,Outbreak,,value in Absolute Number,
2008,Blue Tongue,Outbreak,132.0,value in Absolute Number,
2008,C.C.P.P.,Outbreak,3.0,value in Absolute Number,
2008,Amphistomiasis,Outbreak,49.0,value in Absolute Number,
2008,Schistosomiasis,Outbreak,1.0,value in Absolute Number,
2008,Swine Fever,Outbreak,95.0,value in Absolute Number,
2008,Salmonellosis,Outbreak,18.0,value in Absolute Number,
2008,Coccidiosis,Outbreak,203.0,value in Absolute Number,
2008,Ranikhet (New Castle) Disease,Outbreak,230.0,value in Absolute Number,
2008,Fowl Pox,Outbreak,90.0,value in Absolute Number,
2008,Fowl Cholera,Outbreak,8.0,value in Absolute Number,
2008,Mareks Disease,Outbreak,,value in Absolute Number,
2008,I.B.D.,Outbreak,93.0,value in Absolute Number,
2008,Duck Plague,Outbreak,5.0,value in Absolute Number,
2008,Chronic Respiratory Disease,Outbreak,97.0,value in Absolute Number,
2008,Canine Distemper,Outbreak,47.0,value in Absolute Number,
2008,Rabies,Outbreak,48.0,value in Absolute Number,
2008,Babesiosis,Outbreak,64.0,value in Absolute Number,
2008,Mastitis,Outbreak,26.0,value in Absolute Number,
2008,Trypanismiasis,Outbreak,6.0,value in Absolute Number,
2008,Mange,Outbreak,346.0,value in Absolute Number,
2008,Peste Des Petits Ruminant,Outbreak,165.0,value in Absolute Number,
2008,Anaplasmosis,Outbreak,,value in Absolute Number,
2008,Brucellosis,Outbreak,14.0,value in Absolute Number,
2008,Coryza,Outbreak,3.0,value in Absolute Number,
2008,Highly Pathogenic Avian Influenza,Outbreak,14.0,value in Absolute Number,
2008,Avian Influenza,Outbreak,60.0,value in Absolute Number,
2008,Equine Influenza,Outbreak,25.0,value in Absolute Number,
2008,Glander Disease,Outbreak,,value in Absolute Number,
2008,Foot & Mouth Disease,Attack,12753.0,value in Absolute Number,
2008,Haemorrhagic Septicaemia,Attack,2519.0,value in Absolute Number,
2008,Black Quarter,Attack,883.0,value in Absolute Number,
2008,Anthrax,Attack,916.0,value in Absolute Number,
2008,Fascioliasis,Attack,375347.0,value in Absolute Number,
2008,Enterotoxaemia,Attack,2970.0,value in Absolute Number,
2008,Sheep & Goat Pox,Attack,2279.0,value in Absolute Number,
2008,Cow Pox,Attack,22.0,value in Absolute Number,
2008,Buffalo Pox,Attack,,value in Absolute Number,
2008,Blue Tongue,Attack,2903.0,value in Absolute Number,
2008,C.C.P.P.,Attack,405.0,value in Absolute Number,
2008,Amphistomiasis,Attack,1393.0,value in Absolute Number,
2008,Schistosomiasis,Attack,1.0,value in Absolute Number,
2008,Swine Fever,Attack,2027.0,value in Absolute Number,
2008,Salmonellosis,Attack,2952.0,value in Absolute Number,
2008,Coccidiosis,Attack,16213.0,value in Absolute Number,
2008,Ranikhet (New Castle) Disease,Attack,72959.0,value in Absolute Number,
2008,Fowl Pox,Attack,6944.0,value in Absolute Number,
2008,Fowl Cholera,Attack,2727.0,value in Absolute Number,
2008,Mareks Disease,Attack,,value in Absolute Number,
2008,I.B.D.,Attack,17348.0,value in Absolute Number,
2008,Duck Plague,Attack,385.0,value in Absolute Number,
2008,Chronic Respiratory Disease,Attack,1024.0,value in Absolute Number,
2008,Canine Distemper,Attack,98.0,value in Absolute Number,
2008,Rabies,Attack,1781.0,value in Absolute Number,
2008,Babesiosis,Attack,7546.0,value in Absolute Number,
2008,Mastitis,Attack,1185.0,value in Absolute Number,
2008,Trypanismiasis,Attack,280.0,value in Absolute Number,
2008,Mange,Attack,6186.0,value in Absolute Number,
2008,Peste Des Petits Ruminant,Attack,4496.0,value in Absolute Number,
2008,Anaplasmosis,Attack,,value in Absolute Number,
2008,Brucellosis,Attack,97.0,value in Absolute Number,
2008,Coryza,Attack,61.0,value in Absolute Number,
2008,Highly Pathogenic Avian Influenza,Attack,5650.0,value in Absolute Number,
2008,Avian Influenza,Attack,130626.0,value in Absolute Number,
2008,Equine Influenza,Attack,19431.0,value in Absolute Number,
2008,Glander Disease,Attack,,value in Absolute Number,
2008,Foot & Mouth Disease,Death,278.0,value in Absolute Number,
2008,Haemorrhagic Septicaemia,Death,1082.0,value in Absolute Number,
2008,Black Quarter,Death,365.0,value in Absolute Number,
2008,Anthrax,Death,701.0,value in Absolute Number,
2008,Fascioliasis,Death,6.0,value in Absolute Number,
2008,Enterotoxaemia,Death,888.0,value in Absolute Number,
2008,Sheep & Goat Pox,Death,689.0,value in Absolute Number,
2008,Cow Pox,Death,,value in Absolute Number,
2008,Buffalo Pox,Death,,value in Absolute Number,
2008,Blue Tongue,Death,342.0,value in Absolute Number,
2008,C.C.P.P.,Death,40.0,value in Absolute Number,
2008,Amphistomiasis,Death,,value in Absolute Number,
2008,Schistosomiasis,Death,,value in Absolute Number,
2008,Swine Fever,Death,894.0,value in Absolute Number,
2008,Salmonellosis,Death,87.0,value in Absolute Number,
2008,Coccidiosis,Death,2859.0,value in Absolute Number,
2008,Ranikhet (New Castle) Disease,Death,10317.0,value in Absolute Number,
2008,Fowl Pox,Death,1122.0,value in Absolute Number,
2008,Fowl Cholera,Death,871.0,value in Absolute Number,
2008,Mareks Disease,Death,,value in Absolute Number,
2008,I.B.D.,Death,5605.0,value in Absolute Number,
2008,Duck Plague,Death,,value in Absolute Number,
2008,Chronic Respiratory Disease,Death,47.0,value in Absolute Number,
2008,Canine Distemper,Death,98.0,value in Absolute Number,
2008,Rabies,Death,33.0,value in Absolute Number,
2008,Babesiosis,Death,,value in Absolute Number,
2008,Mastitis,Death,108.0,value in Absolute Number,
2008,Trypanismiasis,Death,99.0,value in Absolute Number,
2008,Mange,Death,4.0,value in Absolute Number,
2008,Peste Des Petits Ruminant,Death,1092.0,value in Absolute Number,
2008,Anaplasmosis,Death,,value in Absolute Number,
2008,Brucellosis,Death,8.0,value in Absolute Number,
2008,Coryza,Death,7.0,value in Absolute Number,
2008,Highly Pathogenic Avian Influenza,Death,36.0,value in Absolute Number,
2008,Avian Influenza,Death,130619.0,value in Absolute Number,value: Figures pertains to number of poultry destroyed
2008,Equine Influenza,Death,16.0,value in Absolute Number,
2008,Glander Disease,Death,,value in Absolute Number,
2009,Foot & Mouth Disease,Outbreak,902.0,value in Absolute Number,
2009,Haemorrhagic Septicaemia,Outbreak,296.0,value in Absolute Number,
2009,Black Quarter,Outbreak,322.0,value in Absolute Number,
2009,Anthrax,Outbreak,60.0,value in Absolute Number,
2009,Fascioliasis,Outbreak,115.0,value in Absolute Number,
2009,Enterotoxaemia,Outbreak,153.0,value in Absolute Number,
2009,Sheep & Goat Pox,Outbreak,105.0,value in Absolute Number,
2009,Cow Pox,Outbreak,2.0,value in Absolute Number,
2009,Buffalo Pox,Outbreak,,value in Absolute Number,
2009,Blue Tongue,Outbreak,73.0,value in Absolute Number,
2009,C.C.P.P.,Outbreak,,value in Absolute Number,
2009,Amphistomiasis,Outbreak,150.0,value in Absolute Number,
2009,Schistosomiasis,Outbreak,1.0,value in Absolute Number,
2009,Swine Fever,Outbreak,136.0,value in Absolute Number,
2009,Salmonellosis,Outbreak,67.0,value in Absolute Number,
2009,Coccidiosis,Outbreak,383.0,value in Absolute Number,
2009,Ranikhet (New Castle) Disease,Outbreak,412.0,value in Absolute Number,
2009,Fowl Pox,Outbreak,122.0,value in Absolute Number,
2009,Fowl Cholera,Outbreak,26.0,value in Absolute Number,
2009,Mareks Disease,Outbreak,1.0,value in Absolute Number,
2009,I.B.D.,Outbreak,127.0,value in Absolute Number,
2009,Duck Plague,Outbreak,13.0,value in Absolute Number,
2009,Chronic Respiratory Disease,Outbreak,188.0,value in Absolute Number,
2009,Canine Distemper,Outbreak,97.0,value in Absolute Number,
2009,Rabies,Outbreak,130.0,value in Absolute Number,
2009,Babesiosis,Outbreak,117.0,value in Absolute Number,
2009,Mastitis,Outbreak,90.0,value in Absolute Number,
2009,Trypanismiasis,Outbreak,,value in Absolute Number,
2009,Mange,Outbreak,458.0,value in Absolute Number,
2009,Peste Des Petits Ruminant,Outbreak,184.0,value in Absolute Number,
2009,Anaplasmosis,Outbreak,,value in Absolute Number,
2009,Brucellosis,Outbreak,16.0,value in Absolute Number,
2009,Coryza,Outbreak,4.0,value in Absolute Number,
2009,Highly Pathogenic Avian Influenza,Outbreak,2.0,value in Absolute Number,
2009,Avian Influenza,Outbreak,10.0,value in Absolute Number,
2009,Equine Influenza,Outbreak,17.0,value in Absolute Number,
2009,Glander Disease,Outbreak,,value in Absolute Number,
2009,Foot & Mouth Disease,Attack,26527.0,value in Absolute Number,
2009,Haemorrhagic Septicaemia,Attack,3729.0,value in Absolute Number,
2009,Black Quarter,Attack,1109.0,value in Absolute Number,
2009,Anthrax,Attack,1627.0,value in Absolute Number,
2009,Fascioliasis,Attack,345348.0,value in Absolute Number,
2009,Enterotoxaemia,Attack,2167.0,value in Absolute Number,
2009,Sheep & Goat Pox,Attack,2006.0,value in Absolute Number,
2009,Cow Pox,Attack,50.0,value in Absolute Number,
2009,Buffalo Pox,Attack,,value in Absolute Number,
2009,Blue Tongue,Attack,2999.0,value in Absolute Number,
2009,C.C.P.P.,Attack,,value in Absolute Number,
2009,Amphistomiasis,Attack,9497.0,value in Absolute Number,
2009,Schistosomiasis,Attack,87.0,value in Absolute Number,
2009,Swine Fever,Attack,5267.0,value in Absolute Number,
2009,Salmonellosis,Attack,120923.0,value in Absolute Number,
2009,Coccidiosis,Attack,110617.0,value in Absolute Number,
2009,Ranikhet (New Castle) Disease,Attack,185114.0,value in Absolute Number,
2009,Fowl Pox,Attack,16702.0,value in Absolute Number,
2009,Fowl Cholera,Attack,2158.0,value in Absolute Number,
2009,Mareks Disease,Attack,300.0,value in Absolute Number,
2009,I.B.D.,Attack,33458.0,value in Absolute Number,
2009,Duck Plague,Attack,35982.0,value in Absolute Number,
2009,Chronic Respiratory Disease,Attack,3494.0,value in Absolute Number,
2009,Canine Distemper,Attack,324.0,value in Absolute Number,
2009,Rabies,Attack,2694.0,value in Absolute Number,
2009,Babesiosis,Attack,26333.0,value in Absolute Number,
2009,Mastitis,Attack,283.0,value in Absolute Number,
2009,Trypanismiasis,Attack,,value in Absolute Number,
2009,Mange,Attack,9238.0,value in Absolute Number,
2009,Peste Des Petits Ruminant,Attack,9271.0,value in Absolute Number,
2009,Anaplasmosis,Attack,,value in Absolute Number,
2009,Brucellosis,Attack,1911.0,value in Absolute Number,
2009,Coryza,Attack,94.0,value in Absolute Number,
2009,Highly Pathogenic Avian Influenza,Attack,3150.0,value in Absolute Number,
2009,Avian Influenza,Attack,1065.0,value in Absolute Number,
2009,Equine Influenza,Attack,250.0,value in Absolute Number,
2009,Glander Disease,Attack,,value in Absolute Number,
2009,Foot & Mouth Disease,Death,473.0,value in Absolute Number,
2009,Haemorrhagic Septicaemia,Death,1595.0,value in Absolute Number,
2009,Black Quarter,Death,481.0,value in Absolute Number,
2009,Anthrax,Death,478.0,value in Absolute Number,
2009,Fascioliasis,Death,67.0,value in Absolute Number,
2009,Enterotoxaemia,Death,533.0,value in Absolute Number,
2009,Sheep & Goat Pox,Death,592.0,value in Absolute Number,
2009,Cow Pox,Death,,value in Absolute Number,
2009,Buffalo Pox,Death,,value in Absolute Number,
2009,Blue Tongue,Death,688.0,value in Absolute Number,
2009,C.C.P.P.,Death,,value in Absolute Number,
2009,Amphistomiasis,Death,20.0,value in Absolute Number,
2009,Schistosomiasis,Death,,value in Absolute Number,
2009,Swine Fever,Death,1646.0,value in Absolute Number,
2009,Salmonellosis,Death,7129.0,value in Absolute Number,
2009,Coccidiosis,Death,14808.0,value in Absolute Number,
2009,Ranikhet (New Castle) Disease,Death,16273.0,value in Absolute Number,
2009,Fowl Pox,Death,1816.0,value in Absolute Number,
2009,Fowl Cholera,Death,1789.0,value in Absolute Number,
2009,Mareks Disease,Death,1.0,value in Absolute Number,
2009,I.B.D.,Death,7594.0,value in Absolute Number,
2009,Duck Plague,Death,110.0,value in Absolute Number,
2009,Chronic Respiratory Disease,Death,355.0,value in Absolute Number,
2009,Canine Distemper,Death,324.0,value in Absolute Number,
2009,Rabies,Death,28.0,value in Absolute Number,
2009,Babesiosis,Death,,value in Absolute Number,
2009,Mastitis,Death,53.0,value in Absolute Number,
2009,Trypanismiasis,Death,,value in Absolute Number,
2009,Mange,Death,12.0,value in Absolute Number,
2009,Peste Des Petits Ruminant,Death,2577.0,value in Absolute Number,
2009,Anaplasmosis,Death,,value in Absolute Number,
2009,Brucellosis,Death,,value in Absolute Number,
2009,Coryza,Death,,value in Absolute Number,
2009,Highly Pathogenic Avian Influenza,Death,6.0,value in Absolute Number,
2009,Avian Influenza,Death,854.0,value in Absolute Number,
2009,Equine Influenza,Death,5.0,value in Absolute Number,
2009,Glander Disease,Death,,value in Absolute Number,
2010,Foot & Mouth Disease,Outbreak,422.0,value in Absolute Number,
2010,Haemorrhagic Septicaemia,Outbreak,380.0,value in Absolute Number,
2010,Black Quarter,Outbreak,369.0,value in Absolute Number,
2010,Anthrax,Outbreak,84.0,value in Absolute Number,
2010,Fascioliasis,Outbreak,165.0,value in Absolute Number,
2010,Enterotoxaemia,Outbreak,138.0,value in Absolute Number,
2010,Sheep & Goat Pox,Outbreak,241.0,value in Absolute Number,
2010,Cow Pox,Outbreak,,value in Absolute Number,
2010,Buffalo Pox,Outbreak,,value in Absolute Number,
2010,Blue Tongue,Outbreak,41.0,value in Absolute Number,
2010,C.C.P.P.,Outbreak,21.0,value in Absolute Number,
2010,Amphistomiasis,Outbreak,186.0,value in Absolute Number,
2010,Schistosomiasis,Outbreak,,value in Absolute Number,
2010,Swine Fever,Outbreak,418.0,value in Absolute Number,
2010,Salmonellosis,Outbreak,61.0,value in Absolute Number,
2010,Coccidiosis,Outbreak,548.0,value in Absolute Number,
2010,Ranikhet (New Castle) Disease,Outbreak,497.0,value in Absolute Number,
2010,Fowl Pox,Outbreak,141.0,value in Absolute Number,
2010,Fowl Cholera,Outbreak,28.0,value in Absolute Number,
2010,Mareks Disease,Outbreak,1.0,value in Absolute Number,
2010,I.B.D.,Outbreak,169.0,value in Absolute Number,
2010,Duck Plague,Outbreak,36.0,value in Absolute Number,
2010,Chronic Respiratory Disease,Outbreak,70.0,value in Absolute Number,
2010,Canine Distemper,Outbreak,71.0,value in Absolute Number,
2010,Rabies,Outbreak,128.0,value in Absolute Number,
2010,Babesiosis,Outbreak,140.0,value in Absolute Number,
2010,Mastitis,Outbreak,141.0,value in Absolute Number,
2010,Trypanismiasis,Outbreak,,value in Absolute Number,
2010,Mange,Outbreak,143.0,value in Absolute Number,
2010,Peste Des Petits Ruminant,Outbreak,300.0,value in Absolute Number,
2010,Anaplasmosis,Outbreak,,value in Absolute Number,
2010,Brucellosis,Outbreak,29.0,value in Absolute Number,
2010,Coryza,Outbreak,10.0,value in Absolute Number,
2010,Highly Pathogenic Avian Influenza,Outbreak,11.0,value in Absolute Number,
2010,Avian Influenza,Outbreak,5.0,value in Absolute Number,
2010,Equine Influenza,Outbreak,,value in Absolute Number,
2010,Glander Disease,Outbreak,,value in Absolute Number,
2010,Foot & Mouth Disease,Attack,19982.0,value in Absolute Number,
2010,Haemorrhagic Septicaemia,Attack,9170.0,value in Absolute Number,
2010,Black Quarter,Attack,4707.0,value in Absolute Number,
2010,Anthrax,Attack,658.0,value in Absolute Number,
2010,Fascioliasis,Attack,,value in Absolute Number,
2010,Enterotoxaemia,Attack,1609.0,value in Absolute Number,
2010,Sheep & Goat Pox,Attack,4009.0,value in Absolute Number,
2010,Cow Pox,Attack,,value in Absolute Number,
2010,Buffalo Pox,Attack,,value in Absolute Number,
2010,Blue Tongue,Attack,1501.0,value in Absolute Number,
2010,C.C.P.P.,Attack,1161.0,value in Absolute Number,
2010,Amphistomiasis,Attack,11758.0,value in Absolute Number,
2010,Schistosomiasis,Attack,,value in Absolute Number,
2010,Swine Fever,Attack,17002.0,value in Absolute Number,
2010,Salmonellosis,Attack,,value in Absolute Number,
2010,Coccidiosis,Attack,,value in Absolute Number,
2010,Ranikhet (New Castle) Disease,Attack,,value in Absolute Number,
2010,Fowl Pox,Attack,21046.0,value in Absolute Number,
2010,Fowl Cholera,Attack,2316.0,value in Absolute Number,
2010,Mareks Disease,Attack,4.0,value in Absolute Number,
2010,I.B.D.,Attack,61781.0,value in Absolute Number,
2010,Duck Plague,Attack,363.0,value in Absolute Number,
2010,Chronic Respiratory Disease,Attack,2687.0,value in Absolute Number,
2010,Canine Distemper,Attack,390.0,value in Absolute Number,
2010,Rabies,Attack,2649.0,value in Absolute Number,
2010,Babesiosis,Attack,5913.0,value in Absolute Number,
2010,Mastitis,Attack,1747.0,value in Absolute Number,
2010,Trypanismiasis,Attack,,value in Absolute Number,
2010,Mange,Attack,9215.0,value in Absolute Number,
2010,Peste Des Petits Ruminant,Attack,10188.0,value in Absolute Number,
2010,Anaplasmosis,Attack,,value in Absolute Number,
2010,Brucellosis,Attack,1213.0,value in Absolute Number,
2010,Coryza,Attack,88.0,value in Absolute Number,
2010,Highly Pathogenic Avian Influenza,Attack,58270.0,value in Absolute Number,
2010,Avian Influenza,Attack,1866.0,value in Absolute Number,
2010,Equine Influenza,Attack,,value in Absolute Number,
2010,Glander Disease,Attack,,value in Absolute Number,
2010,Foot & Mouth Disease,Death,361.0,value in Absolute Number,
2010,Haemorrhagic Septicaemia,Death,2150.0,value in Absolute Number,
2010,Black Quarter,Death,514.0,value in Absolute Number,
2010,Anthrax,Death,338.0,value in Absolute Number,
2010,Fascioliasis,Death,96.0,value in Absolute Number,
2010,Enterotoxaemia,Death,596.0,value in Absolute Number,
2010,Sheep & Goat Pox,Death,973.0,value in Absolute Number,
2010,Cow Pox,Death,,value in Absolute Number,
2010,Buffalo Pox,Death,,value in Absolute Number,
2010,Blue Tongue,Death,78.0,value in Absolute Number,
2010,C.C.P.P.,Death,286.0,value in Absolute Number,
2010,Amphistomiasis,Death,59.0,value in Absolute Number,
2010,Schistosomiasis,Death,,value in Absolute Number,
2010,Swine Fever,Death,2932.0,value in Absolute Number,
2010,Salmonellosis,Death,1002.0,value in Absolute Number,
2010,Coccidiosis,Death,,value in Absolute Number,
2010,Ranikhet (New Castle) Disease,Death,,value in Absolute Number,
2010,Fowl Pox,Death,2201.0,value in Absolute Number,
2010,Fowl Cholera,Death,2097.0,value in Absolute Number,
2010,Mareks Disease,Death,4.0,value in Absolute Number,
2010,I.B.D.,Death,1575.0,value in Absolute Number,
2010,Duck Plague,Death,118.0,value in Absolute Number,
2010,Chronic Respiratory Disease,Death,172.0,value in Absolute Number,
2010,Canine Distemper,Death,390.0,value in Absolute Number,
2010,Rabies,Death,30.0,value in Absolute Number,
2010,Babesiosis,Death,,value in Absolute Number,
2010,Mastitis,Death,38.0,value in Absolute Number,
2010,Trypanismiasis,Death,,value in Absolute Number,
2010,Mange,Death,2.0,value in Absolute Number,
2010,Peste Des Petits Ruminant,Death,2041.0,value in Absolute Number,
2010,Anaplasmosis,Death,,value in Absolute Number,
2010,Brucellosis,Death,,value in Absolute Number,
2010,Coryza,Death,,value in Absolute Number,
2010,Highly Pathogenic Avian Influenza,Death,80.0,value in Absolute Number,
2010,Avian Influenza,Death,1866.0,value in Absolute Number,value: Birds culled
2010,Equine Influenza,Death,,value in Absolute Number,
2010,Glander Disease,Death,,value in Absolute Number,
2011,Foot & Mouth Disease,Outbreak,701.0,value in Absolute Number,
2011,Haemorrhagic Septicaemia,Outbreak,315.0,value in Absolute Number,
2011,Black Quarter,Outbreak,417.0,value in Absolute Number,
2011,Anthrax,Outbreak,48.0,value in Absolute Number,
2011,Fascioliasis,Outbreak,234.0,value in Absolute Number,
2011,Enterotoxaemia,Outbreak,71.0,value in Absolute Number,
2011,Sheep & Goat Pox,Outbreak,197.0,value in Absolute Number,
2011,Cow Pox,Outbreak,2.0,value in Absolute Number,
2011,Buffalo Pox,Outbreak,1.0,value in Absolute Number,
2011,Blue Tongue,Outbreak,38.0,value in Absolute Number,
2011,C.C.P.P.,Outbreak,1.0,value in Absolute Number,
2011,Amphistomiasis,Outbreak,132.0,value in Absolute Number,
2011,Schistosomiasis,Outbreak,2.0,value in Absolute Number,
2011,Swine Fever,Outbreak,284.0,value in Absolute Number,
2011,Salmonellosis,Outbreak,124.0,value in Absolute Number,
2011,Coccidiosis,Outbreak,738.0,value in Absolute Number,
2011,Ranikhet (New Castle) Disease,Outbreak,886.0,value in Absolute Number,
2011,Fowl Pox,Outbreak,235.0,value in Absolute Number,
2011,Fowl Cholera,Outbreak,143.0,value in Absolute Number,
2011,Mareks Disease,Outbreak,1.0,value in Absolute Number,
2011,I.B.D.,Outbreak,338.0,value in Absolute Number,
2011,Duck Plague,Outbreak,87.0,value in Absolute Number,
2011,Chronic Respiratory Disease,Outbreak,100.0,value in Absolute Number,
2011,Canine Distemper,Outbreak,92.0,value in Absolute Number,
2011,Rabies,Outbreak,131.0,value in Absolute Number,
2011,Babesiosis,Outbreak,187.0,value in Absolute Number,
2011,Mastitis,Outbreak,177.0,value in Absolute Number,
2011,Trypanismiasis,Outbreak,,value in Absolute Number,
2011,Mange,Outbreak,104.0,value in Absolute Number,
2011,Peste Des Petits Ruminant,Outbreak,197.0,value in Absolute Number,
2011,Anaplasmosis,Outbreak,,value in Absolute Number,
2011,Brucellosis,Outbreak,27.0,value in Absolute Number,
2011,Coryza,Outbreak,2.0,value in Absolute Number,
2011,Highly Pathogenic Avian Influenza,Outbreak,8.0,value in Absolute Number,
2011,Avian Influenza,Outbreak,5.0,value in Absolute Number,
2011,Equine Influenza,Outbreak,,value in Absolute Number,
2011,Glander Disease,Outbreak,291.0,value in Absolute Number,
2011,Foot & Mouth Disease,Attack,12847.0,value in Absolute Number,
2011,Haemorrhagic Septicaemia,Attack,2918.0,value in Absolute Number,
2011,Black Quarter,Attack,2676.0,value in Absolute Number,
2011,Anthrax,Attack,362.0,value in Absolute Number,
2011,Fascioliasis,Attack,511016.0,value in Absolute Number,
2011,Enterotoxaemia,Attack,1116.0,value in Absolute Number,
2011,Sheep & Goat Pox,Attack,3861.0,value in Absolute Number,
2011,Cow Pox,Attack,24.0,value in Absolute Number,
2011,Buffalo Pox,Attack,1.0,value in Absolute Number,
2011,Blue Tongue,Attack,2212.0,value in Absolute Number,
2011,C.C.P.P.,Attack,22.0,value in Absolute Number,
2011,Amphistomiasis,Attack,14996.0,value in Absolute Number,
2011,Schistosomiasis,Attack,2.0,value in Absolute Number,
2011,Swine Fever,Attack,4018.0,value in Absolute Number,
2011,Salmonellosis,Attack,116453.0,value in Absolute Number,
2011,Coccidiosis,Attack,183979.0,value in Absolute Number,
2011,Ranikhet (New Castle) Disease,Attack,240438.0,value in Absolute Number,
2011,Fowl Pox,Attack,19122.0,value in Absolute Number,
2011,Fowl Cholera,Attack,7999.0,value in Absolute Number,
2011,Mareks Disease,Attack,100.0,value in Absolute Number,
2011,I.B.D.,Attack,86381.0,value in Absolute Number,
2011,Duck Plague,Attack,2232.0,value in Absolute Number,
2011,Chronic Respiratory Disease,Attack,1509.0,value in Absolute Number,
2011,Canine Distemper,Attack,417.0,value in Absolute Number,
2011,Rabies,Attack,3478.0,value in Absolute Number,
2011,Babesiosis,Attack,9089.0,value in Absolute Number,
2011,Mastitis,Attack,3428.0,value in Absolute Number,
2011,Trypanismiasis,Attack,,value in Absolute Number,
2011,Mange,Attack,2847.0,value in Absolute Number,
2011,Peste Des Petits Ruminant,Attack,6976.0,value in Absolute Number,
2011,Anaplasmosis,Attack,,value in Absolute Number,
2011,Brucellosis,Attack,90.0,value in Absolute Number,
2011,Coryza,Attack,17.0,value in Absolute Number,
2011,Highly Pathogenic Avian Influenza,Attack,37505.0,value in Absolute Number,
2011,Avian Influenza,Attack,7442.0,value in Absolute Number,
2011,Equine Influenza,Attack,,value in Absolute Number,
2011,Glander Disease,Attack,133808.0,value in Absolute Number,
2011,Foot & Mouth Disease,Death,218.0,value in Absolute Number,
2011,Haemorrhagic Septicaemia,Death,812.0,value in Absolute Number,
2011,Black Quarter,Death,900.0,value in Absolute Number,
2011,Anthrax,Death,323.0,value in Absolute Number,
2011,Fascioliasis,Death,48.0,value in Absolute Number,
2011,Enterotoxaemia,Death,242.0,value in Absolute Number,
2011,Sheep & Goat Pox,Death,698.0,value in Absolute Number,
2011,Cow Pox,Death,3.0,value in Absolute Number,
2011,Buffalo Pox,Death,,value in Absolute Number,
2011,Blue Tongue,Death,136.0,value in Absolute Number,
2011,C.C.P.P.,Death,5.0,value in Absolute Number,
2011,Amphistomiasis,Death,29.0,value in Absolute Number,
2011,Schistosomiasis,Death,,value in Absolute Number,
2011,Swine Fever,Death,1371.0,value in Absolute Number,
2011,Salmonellosis,Death,4646.0,value in Absolute Number,
2011,Coccidiosis,Death,26001.0,value in Absolute Number,
2011,Ranikhet (New Castle) Disease,Death,24016.0,value in Absolute Number,
2011,Fowl Pox,Death,1682.0,value in Absolute Number,
2011,Fowl Cholera,Death,2276.0,value in Absolute Number,
2011,Mareks Disease,Death,50.0,value in Absolute Number,
2011,I.B.D.,Death,24199.0,value in Absolute Number,
2011,Duck Plague,Death,497.0,value in Absolute Number,
2011,Chronic Respiratory Disease,Death,123.0,value in Absolute Number,
2011,Canine Distemper,Death,417.0,value in Absolute Number,
2011,Rabies,Death,25.0,value in Absolute Number,
2011,Babesiosis,Death,2.0,value in Absolute Number,
2011,Mastitis,Death,46.0,value in Absolute Number,
2011,Trypanismiasis,Death,,value in Absolute Number,
2011,Mange,Death,,value in Absolute Number,
2011,Peste Des Petits Ruminant,Death,1707.0,value in Absolute Number,
2011,Anaplasmosis,Death,,value in Absolute Number,
2011,Brucellosis,Death,9.0,value in Absolute Number,
2011,Coryza,Death,,value in Absolute Number,
2011,Highly Pathogenic Avian Influenza,Death,37.0,value in Absolute Number,
2011,Avian Influenza,Death,6006.0,value in Absolute Number,
2011,Equine Influenza,Death,,value in Absolute Number,
2011,Glander Disease,Death,59642.0,value in Absolute Number,
2012,Foot & Mouth Disease,Outbreak,879.0,value in Absolute Number,
2012,Haemorrhagic Septicaemia,Outbreak,248.0,value in Absolute Number,
2012,Black Quarter,Outbreak,279.0,value in Absolute Number,
2012,Anthrax,Outbreak,32.0,value in Absolute Number,
2012,Fascioliasis,Outbreak,154.0,value in Absolute Number,
2012,Enterotoxaemia,Outbreak,31.0,value in Absolute Number,
2012,Sheep & Goat Pox,Outbreak,116.0,value in Absolute Number,
2012,Cow Pox,Outbreak,2.0,value in Absolute Number,
2012,Buffalo Pox,Outbreak,,value in Absolute Number,
2012,Blue Tongue,Outbreak,5.0,value in Absolute Number,
2012,C.C.P.P.,Outbreak,2.0,value in Absolute Number,
2012,Amphistomiasis,Outbreak,108.0,value in Absolute Number,
2012,Schistosomiasis,Outbreak,,value in Absolute Number,
2012,Swine Fever,Outbreak,252.0,value in Absolute Number,
2012,Salmonellosis,Outbreak,46.0,value in Absolute Number,
2012,Coccidiosis,Outbreak,504.0,value in Absolute Number,
2012,Ranikhet (New Castle) Disease,Outbreak,645.0,value in Absolute Number,
2012,Fowl Pox,Outbreak,260.0,value in Absolute Number,
2012,Fowl Cholera,Outbreak,129.0,value in Absolute Number,
2012,Mareks Disease,Outbreak,,value in Absolute Number,
2012,I.B.D.,Outbreak,210.0,value in Absolute Number,
2012,Duck Plague,Outbreak,52.0,value in Absolute Number,
2012,Chronic Respiratory Disease,Outbreak,318.0,value in Absolute Number,
2012,Canine Distemper,Outbreak,72.0,value in Absolute Number,
2012,Rabies,Outbreak,83.0,value in Absolute Number,
2012,Babesiosis,Outbreak,121.0,value in Absolute Number,
2012,Mastitis,Outbreak,139.0,value in Absolute Number,
2012,Trypanismiasis,Outbreak,76.0,value in Absolute Number,
2012,Mange,Outbreak,74.0,value in Absolute Number,
2012,Peste Des Petits Ruminant,Outbreak,128.0,value in Absolute Number,
2012,Anaplasmosis,Outbreak,27.0,value in Absolute Number,
2012,Brucellosis,Outbreak,5.0,value in Absolute Number,
2012,Coryza,Outbreak,7.0,value in Absolute Number,
2012,Highly Pathogenic Avian Influenza,Outbreak,,value in Absolute Number,
2012,Avian Influenza,Outbreak,11.0,value in Absolute Number,
2012,Equine Influenza,Outbreak,,value in Absolute Number,
2012,Glander Disease,Outbreak,1.0,value in Absolute Number,
2012,Foot & Mouth Disease,Attack,25258.0,value in Absolute Number,
2012,Haemorrhagic Septicaemia,Attack,4097.0,value in Absolute Number,
2012,Black Quarter,Attack,1575.0,value in Absolute Number,
2012,Anthrax,Attack,222.0,value in Absolute Number,
2012,Fascioliasis,Attack,773292.0,value in Absolute Number,
2012,Enterotoxaemia,Attack,614.0,value in Absolute Number,
2012,Sheep & Goat Pox,Attack,2360.0,value in Absolute Number,
2012,Cow Pox,Attack,15.0,value in Absolute Number,
2012,Buffalo Pox,Attack,,value in Absolute Number,
2012,Blue Tongue,Attack,159.0,value in Absolute Number,
2012,C.C.P.P.,Attack,1624.0,value in Absolute Number,
2012,Amphistomiasis,Attack,11068.0,value in Absolute Number,
2012,Schistosomiasis,Attack,,value in Absolute Number,
2012,Swine Fever,Attack,3612.0,value in Absolute Number,
2012,Salmonellosis,Attack,54303.0,value in Absolute Number,
2012,Coccidiosis,Attack,171349.0,value in Absolute Number,
2012,Ranikhet (New Castle) Disease,Attack,177262.0,value in Absolute Number,
2012,Fowl Pox,Attack,24121.0,value in Absolute Number,
2012,Fowl Cholera,Attack,38478.0,value in Absolute Number,
2012,Mareks Disease,Attack,,value in Absolute Number,
2012,I.B.D.,Attack,59671.0,value in Absolute Number,
2012,Duck Plague,Attack,1605.0,value in Absolute Number,
2012,Chronic Respiratory Disease,Attack,167116.0,value in Absolute Number,
2012,Canine Distemper,Attack,1166.0,value in Absolute Number,
2012,Rabies,Attack,555.0,value in Absolute Number,
2012,Babesiosis,Attack,8587.0,value in Absolute Number,
2012,Mastitis,Attack,9487.0,value in Absolute Number,
2012,Trypanismiasis,Attack,4296.0,value in Absolute Number,
2012,Mange,Attack,2311.0,value in Absolute Number,
2012,Peste Des Petits Ruminant,Attack,7281.0,value in Absolute Number,
2012,Anaplasmosis,Attack,221.0,value in Absolute Number,
2012,Brucellosis,Attack,12.0,value in Absolute Number,
2012,Coryza,Attack,55800.0,value in Absolute Number,
2012,Highly Pathogenic Avian Influenza,Attack,,value in Absolute Number,
2012,Avian Influenza,Attack,20663.0,value in Absolute Number,
2012,Equine Influenza,Attack,,value in Absolute Number,
2012,Glander Disease,Attack,6.0,value in Absolute Number,
2012,Foot & Mouth Disease,Death,1026.0,value in Absolute Number,
2012,Haemorrhagic Septicaemia,Death,786.0,value in Absolute Number,
2012,Black Quarter,Death,606.0,value in Absolute Number,
2012,Anthrax,Death,108.0,value in Absolute Number,
2012,Fascioliasis,Death,23.0,value in Absolute Number,
2012,Enterotoxaemia,Death,102.0,value in Absolute Number,
2012,Sheep & Goat Pox,Death,236.0,value in Absolute Number,
2012,Cow Pox,Death,0.0,value in Absolute Number,
2012,Buffalo Pox,Death,,value in Absolute Number,
2012,Blue Tongue,Death,65.0,value in Absolute Number,
2012,C.C.P.P.,Death,253.0,value in Absolute Number,
2012,Amphistomiasis,Death,12.0,value in Absolute Number,
2012,Schistosomiasis,Death,,value in Absolute Number,
2012,Swine Fever,Death,1977.0,value in Absolute Number,
2012,Salmonellosis,Death,2650.0,value in Absolute Number,
2012,Coccidiosis,Death,25388.0,value in Absolute Number,
2012,Ranikhet (New Castle) Disease,Death,34488.0,value in Absolute Number,
2012,Fowl Pox,Death,1177.0,value in Absolute Number,
2012,Fowl Cholera,Death,24868.0,value in Absolute Number,
2012,Mareks Disease,Death,,value in Absolute Number,
2012,I.B.D.,Death,13264.0,value in Absolute Number,
2012,Duck Plague,Death,398.0,value in Absolute Number,
2012,Chronic Respiratory Disease,Death,57094.0,value in Absolute Number,
2012,Canine Distemper,Death,58.0,value in Absolute Number,
2012,Rabies,Death,555.0,value in Absolute Number,
2012,Babesiosis,Death,8.0,value in Absolute Number,
2012,Mastitis,Death,2.0,value in Absolute Number,
2012,Trypanismiasis,Death,28.0,value in Absolute Number,
2012,Mange,Death,5.0,value in Absolute Number,
2012,Peste Des Petits Ruminant,Death,1520.0,value in Absolute Number,
2012,Anaplasmosis,Death,7.0,value in Absolute Number,
2012,Brucellosis,Death,0.0,value in Absolute Number,
2012,Coryza,Death,33.0,value in Absolute Number,
2012,Highly Pathogenic Avian Influenza,Death,,value in Absolute Number,
2012,Avian Influenza,Death,20663.0,value in Absolute Number,
2012,Equine Influenza,Death,,value in Absolute Number,
2012,Glander Disease,Death,5.0,value in Absolute Number,
2013,Foot & Mouth Disease,Outbreak,377.0,value in Absolute Number,
2013,Haemorrhagic Septicaemia,Outbreak,135.0,value in Absolute Number,
2013,Black Quarter,Outbreak,177.0,value in Absolute Number,
2013,Anthrax,Outbreak,31.0,value in Absolute Number,
2013,Fascioliasis,Outbreak,157.0,value in Absolute Number,
2013,Enterotoxaemia,Outbreak,43.0,value in Absolute Number,
2013,Sheep & Goat Pox,Outbreak,55.0,value in Absolute Number,
2013,Cow Pox,Outbreak,1.0,value in Absolute Number,
2013,Buffalo Pox,Outbreak,,value in Absolute Number,
2013,Blue Tongue,Outbreak,13.0,value in Absolute Number,
2013,C.C.P.P.,Outbreak,3.0,value in Absolute Number,
2013,Amphistomiasis,Outbreak,117.0,value in Absolute Number,
2013,Schistosomiasis,Outbreak,4.0,value in Absolute Number,
2013,Swine Fever,Outbreak,117.0,value in Absolute Number,
2013,Salmonellosis,Outbreak,34.0,value in Absolute Number,
2013,Coccidiosis,Outbreak,438.0,value in Absolute Number,
2013,Ranikhet (New Castle) Disease,Outbreak,423.0,value in Absolute Number,
2013,Fowl Pox,Outbreak,212.0,value in Absolute Number,
2013,Fowl Cholera,Outbreak,151.0,value in Absolute Number,
2013,Mareks Disease,Outbreak,7.0,value in Absolute Number,
2013,I.B.D.,Outbreak,273.0,value in Absolute Number,
2013,Duck Plague,Outbreak,79.0,value in Absolute Number,
2013,Chronic Respiratory Disease,Outbreak,437.0,value in Absolute Number,
2013,Canine Distemper,Outbreak,64.0,value in Absolute Number,
2013,Rabies,Outbreak,60.0,value in Absolute Number,
2013,Babesiosis,Outbreak,181.0,value in Absolute Number,
2013,Mastitis,Outbreak,117.0,value in Absolute Number,
2013,Trypanismiasis,Outbreak,89.0,value in Absolute Number,
2013,Mange,Outbreak,48.0,value in Absolute Number,
2013,Peste Des Petits Ruminant,Outbreak,,value in Absolute Number,
2013,Anaplasmosis,Outbreak,38.0,value in Absolute Number,
2013,Brucellosis,Outbreak,7.0,value in Absolute Number,
2013,Coryza,Outbreak,17.0,value in Absolute Number,
2013,Highly Pathogenic Avian Influenza,Outbreak,,value in Absolute Number,
2013,Avian Influenza,Outbreak,4.0,value in Absolute Number,
2013,Equine Influenza,Outbreak,,value in Absolute Number,
2013,Glander Disease,Outbreak,1.0,value in Absolute Number,
2013,Foot & Mouth Disease,Attack,87109.0,value in Absolute Number,
2013,Haemorrhagic Septicaemia,Attack,1716.0,value in Absolute Number,
2013,Black Quarter,Attack,1610.0,value in Absolute Number,
2013,Anthrax,Attack,1645.0,value in Absolute Number,
2013,Fascioliasis,Attack,803769.0,value in Absolute Number,
2013,Enterotoxaemia,Attack,451.0,value in Absolute Number,
2013,Sheep & Goat Pox,Attack,913.0,value in Absolute Number,
2013,Cow Pox,Attack,75.0,value in Absolute Number,
2013,Buffalo Pox,Attack,,value in Absolute Number,
2013,Blue Tongue,Attack,1021.0,value in Absolute Number,
2013,C.C.P.P.,Attack,290.0,value in Absolute Number,
2013,Amphistomiasis,Attack,11192.0,value in Absolute Number,
2013,Schistosomiasis,Attack,4.0,value in Absolute Number,
2013,Swine Fever,Attack,16507.0,value in Absolute Number,
2013,Salmonellosis,Attack,75551.0,value in Absolute Number,
2013,Coccidiosis,Attack,213949.0,value in Absolute Number,
2013,Ranikhet (New Castle) Disease,Attack,179218.0,value in Absolute Number,
2013,Fowl Pox,Attack,80449.0,value in Absolute Number,
2013,Fowl Cholera,Attack,63118.0,value in Absolute Number,
2013,Mareks Disease,Attack,20626.0,value in Absolute Number,
2013,I.B.D.,Attack,230.0,value in Absolute Number,
2013,Duck Plague,Attack,3526.0,value in Absolute Number,
2013,Chronic Respiratory Disease,Attack,370531.0,value in Absolute Number,
2013,Canine Distemper,Attack,732.0,value in Absolute Number,
2013,Rabies,Attack,487.0,value in Absolute Number,
2013,Babesiosis,Attack,1903.0,value in Absolute Number,
2013,Mastitis,Attack,9040.0,value in Absolute Number,
2013,Trypanismiasis,Attack,1787.0,value in Absolute Number,
2013,Mange,Attack,1699.0,value in Absolute Number,
2013,Peste Des Petits Ruminant,Attack,,value in Absolute Number,
2013,Anaplasmosis,Attack,492.0,value in Absolute Number,
2013,Brucellosis,Attack,151.0,value in Absolute Number,
2013,Coryza,Attack,150505.0,value in Absolute Number,
2013,Highly Pathogenic Avian Influenza,Attack,,value in Absolute Number,
2013,Avian Influenza,Attack,4402.0,value in Absolute Number,
2013,Equine Influenza,Attack,,value in Absolute Number,
2013,Glander Disease,Attack,4.0,value in Absolute Number,
2013,Foot & Mouth Disease,Death,8843.0,value in Absolute Number,
2013,Haemorrhagic Septicaemia,Death,453.0,value in Absolute Number,
2013,Black Quarter,Death,371.0,value in Absolute Number,
2013,Anthrax,Death,146.0,value in Absolute Number,
2013,Fascioliasis,Death,33.0,value in Absolute Number,
2013,Enterotoxaemia,Death,164.0,value in Absolute Number,
2013,Sheep & Goat Pox,Death,163.0,value in Absolute Number,
2013,Cow Pox,Death,12.0,value in Absolute Number,
2013,Buffalo Pox,Death,,value in Absolute Number,
2013,Blue Tongue,Death,67.0,value in Absolute Number,
2013,C.C.P.P.,Death,35.0,value in Absolute Number,
2013,Amphistomiasis,Death,11.0,value in Absolute Number,
2013,Schistosomiasis,Death,0.0,value in Absolute Number,
2013,Swine Fever,Death,5902.0,value in Absolute Number,
2013,Salmonellosis,Death,2284.0,value in Absolute Number,
2013,Coccidiosis,Death,27833.0,value in Absolute Number,
2013,Ranikhet (New Castle) Disease,Death,23275.0,value in Absolute Number,
2013,Fowl Pox,Death,1624.0,value in Absolute Number,
2013,Fowl Cholera,Death,26002.0,value in Absolute Number,
2013,Mareks Disease,Death,261.0,value in Absolute Number,
2013,I.B.D.,Death,28434.0,value in Absolute Number,
2013,Duck Plague,Death,1831.0,value in Absolute Number,
2013,Chronic Respiratory Disease,Death,58094.0,value in Absolute Number,
2013,Canine Distemper,Death,23.0,value in Absolute Number,
2013,Rabies,Death,487.0,value in Absolute Number,
2013,Babesiosis,Death,4.0,value in Absolute Number,
2013,Mastitis,Death,0.0,value in Absolute Number,
2013,Trypanismiasis,Death,51.0,value in Absolute Number,
2013,Mange,Death,0.0,value in Absolute Number,
2013,Peste Des Petits Ruminant,Death,,value in Absolute Number,
2013,Anaplasmosis,Death,4.0,value in Absolute Number,
2013,Brucellosis,Death,0.0,value in Absolute Number,
2013,Coryza,Death,492.0,value in Absolute Number,
2013,Highly Pathogenic Avian Influenza,Death,,value in Absolute Number,
2013,Avian Influenza,Death,3194.0,value in Absolute Number,
2013,Equine Influenza,Death,,value in Absolute Number,
2013,Glander Disease,Death,4.0,value in Absolute Number,
2014,Foot & Mouth Disease,Outbreak,238.0,value in Absolute Number,
2014,Haemorrhagic Septicaemia,Outbreak,131.0,value in Absolute Number,
2014,Black Quarter,Outbreak,118.0,value in Absolute Number,
2014,Anthrax,Outbreak,55.0,value in Absolute Number,
2014,Fascioliasis,Outbreak,192.0,value in Absolute Number,
2014,Enterotoxaemia,Outbreak,50.0,value in Absolute Number,
2014,Sheep & Goat Pox,Outbreak,88.0,value in Absolute Number,
2014,Cow Pox,Outbreak,,value in Absolute Number,
2014,Buffalo Pox,Outbreak,,value in Absolute Number,
2014,Blue Tongue,Outbreak,14.0,value in Absolute Number,
2014,C.C.P.P.,Outbreak,2.0,value in Absolute Number,
2014,Amphistomiasis,Outbreak,154.0,value in Absolute Number,
2014,Schistosomiasis,Outbreak,56.0,value in Absolute Number,
2014,Swine Fever,Outbreak,69.0,value in Absolute Number,
2014,Salmonellosis,Outbreak,60.0,value in Absolute Number,
2014,Coccidiosis,Outbreak,422.0,value in Absolute Number,
2014,Ranikhet (New Castle) Disease,Outbreak,311.0,value in Absolute Number,
2014,Fowl Pox,Outbreak,214.0,value in Absolute Number,
2014,Fowl Cholera,Outbreak,67.0,value in Absolute Number,
2014,Mareks Disease,Outbreak,48.0,value in Absolute Number,
2014,I.B.D.,Outbreak,183.0,value in Absolute Number,
2014,Duck Plague,Outbreak,45.0,value in Absolute Number,
2014,Chronic Respiratory Disease,Outbreak,461.0,value in Absolute Number,
2014,Canine Distemper,Outbreak,71.0,value in Absolute Number,
2014,Rabies,Outbreak,243.0,value in Absolute Number,
2014,Babesiosis,Outbreak,274.0,value in Absolute Number,
2014,Mastitis,Outbreak,354.0,value in Absolute Number,
2014,Trypanismiasis,Outbreak,105.0,value in Absolute Number,
2014,Mange,Outbreak,45.0,value in Absolute Number,
2014,Peste Des Petits Ruminant,Outbreak,82.0,value in Absolute Number,
2014,Anaplasmosis,Outbreak,108.0,value in Absolute Number,
2014,Brucellosis,Outbreak,7.0,value in Absolute Number,
2014,Coryza,Outbreak,46.0,value in Absolute Number,
2014,Highly Pathogenic Avian Influenza,Outbreak,5.0,value in Absolute Number,
2014,Avian Influenza,Outbreak,1.0,value in Absolute Number,
2014,Equine Influenza,Outbreak,,value in Absolute Number,
2014,Glander Disease,Outbreak,,value in Absolute Number,
2014,Foot & Mouth Disease,Attack,26216.0,value in Absolute Number,
2014,Haemorrhagic Septicaemia,Attack,6816.0,value in Absolute Number,
2014,Black Quarter,Attack,4285.0,value in Absolute Number,
2014,Anthrax,Attack,2180.0,value in Absolute Number,
2014,Fascioliasis,Attack,6009.0,value in Absolute Number,
2014,Enterotoxaemia,Attack,1388.0,value in Absolute Number,
2014,Sheep & Goat Pox,Attack,2650.0,value in Absolute Number,
2014,Cow Pox,Attack,,value in Absolute Number,
2014,Buffalo Pox,Attack,,value in Absolute Number,
2014,Blue Tongue,Attack,659.0,value in Absolute Number,
2014,C.C.P.P.,Attack,29.0,value in Absolute Number,
2014,Amphistomiasis,Attack,16760.0,value in Absolute Number,
2014,Schistosomiasis,Attack,935.0,value in Absolute Number,
2014,Swine Fever,Attack,1726.0,value in Absolute Number,
2014,Salmonellosis,Attack,43942.0,value in Absolute Number,
2014,Coccidiosis,Attack,283219.0,value in Absolute Number,
2014,Ranikhet (New Castle) Disease,Attack,1052633.0,value in Absolute Number,
2014,Fowl Pox,Attack,322734.0,value in Absolute Number,
2014,Fowl Cholera,Attack,155820.0,value in Absolute Number,
2014,Mareks Disease,Attack,1372548.0,value in Absolute Number,
2014,I.B.D.,Attack,1040807.0,value in Absolute Number,
2014,Duck Plague,Attack,24788.0,value in Absolute Number,
2014,Chronic Respiratory Disease,Attack,3578408.0,value in Absolute Number,
2014,Canine Distemper,Attack,1293.0,value in Absolute Number,
2014,Rabies,Attack,8086.0,value in Absolute Number,
2014,Babesiosis,Attack,7520.0,value in Absolute Number,
2014,Mastitis,Attack,58303.0,value in Absolute Number,
2014,Trypanismiasis,Attack,1077.0,value in Absolute Number,
2014,Mange,Attack,1523.0,value in Absolute Number,
2014,Peste Des Petits Ruminant,Attack,8216.0,value in Absolute Number,
2014,Anaplasmosis,Attack,1928.0,value in Absolute Number,
2014,Brucellosis,Attack,206.0,value in Absolute Number,
2014,Coryza,Attack,573828.0,value in Absolute Number,
2014,Highly Pathogenic Avian Influenza,Attack,18576.0,value in Absolute Number,
2014,Avian Influenza,Attack,2.0,value in Absolute Number,
2014,Equine Influenza,Attack,,value in Absolute Number,
2014,Glander Disease,Attack,,value in Absolute Number,
2014,Foot & Mouth Disease,Death,1822.0,value in Absolute Number,
2014,Haemorrhagic Septicaemia,Death,541.0,value in Absolute Number,
2014,Black Quarter,Death,297.0,value in Absolute Number,
2014,Anthrax,Death,2180.0,value in Absolute Number,
2014,Fascioliasis,Death,52.0,value in Absolute Number,
2014,Enterotoxaemia,Death,308.0,value in Absolute Number,
2014,Sheep & Goat Pox,Death,503.0,value in Absolute Number,
2014,Cow Pox,Death,,value in Absolute Number,
2014,Buffalo Pox,Death,,value in Absolute Number,
2014,Blue Tongue,Death,145.0,value in Absolute Number,
2014,C.C.P.P.,Death,5.0,value in Absolute Number,
2014,Amphistomiasis,Death,26.0,value in Absolute Number,
2014,Schistosomiasis,Death,0.0,value in Absolute Number,
2014,Swine Fever,Death,289.0,value in Absolute Number,
2014,Salmonellosis,Death,1614.0,value in Absolute Number,
2014,Coccidiosis,Death,8976.0,value in Absolute Number,
2014,Ranikhet (New Castle) Disease,Death,18943.0,value in Absolute Number,
2014,Fowl Pox,Death,1264.0,value in Absolute Number,
2014,Fowl Cholera,Death,2853.0,value in Absolute Number,
2014,Mareks Disease,Death,4767.0,value in Absolute Number,
2014,I.B.D.,Death,22127.0,value in Absolute Number,
2014,Duck Plague,Death,184.0,value in Absolute Number,
2014,Chronic Respiratory Disease,Death,35985.0,value in Absolute Number,
2014,Canine Distemper,Death,88.0,value in Absolute Number,
2014,Rabies,Death,8086.0,value in Absolute Number,
2014,Babesiosis,Death,9.0,value in Absolute Number,
2014,Mastitis,Death,5.0,value in Absolute Number,
2014,Trypanismiasis,Death,22.0,value in Absolute Number,
2014,Mange,Death,0.0,value in Absolute Number,
2014,Peste Des Petits Ruminant,Death,2419.0,value in Absolute Number,
2014,Anaplasmosis,Death,42.0,value in Absolute Number,
2014,Brucellosis,Death,0.0,value in Absolute Number,
2014,Coryza,Death,2612.0,value in Absolute Number,
2014,Highly Pathogenic Avian Influenza,Death,18576.0,value in Absolute Number,
2014,Avian Influenza,Death,2.0,value in Absolute Number,
2014,Equine Influenza,Death,,value in Absolute Number,
2014,Glander Disease,Death,,value in Absolute Number,
2015,Foot & Mouth Disease,Outbreak,109.0,value in Absolute Number,
2015,Haemorrhagic Septicaemia,Outbreak,89.0,value in Absolute Number,
2015,Black Quarter,Outbreak,98.0,value in Absolute Number,
2015,Anthrax,Outbreak,49.0,value in Absolute Number,
2015,Fascioliasis,Outbreak,80.0,value in Absolute Number,
2015,Enterotoxaemia,Outbreak,48.0,value in Absolute Number,
2015,Sheep & Goat Pox,Outbreak,114.0,value in Absolute Number,
2015,Cow Pox,Outbreak,,value in Absolute Number,
2015,Buffalo Pox,Outbreak,,value in Absolute Number,
2015,Blue Tongue,Outbreak,23.0,value in Absolute Number,
2015,C.C.P.P.,Outbreak,14.0,value in Absolute Number,
2015,Amphistomiasis,Outbreak,95.0,value in Absolute Number,
2015,Schistosomiasis,Outbreak,,value in Absolute Number,
2015,Swine Fever,Outbreak,34.0,value in Absolute Number,
2015,Salmonellosis,Outbreak,42.0,value in Absolute Number,
2015,Coccidiosis,Outbreak,219.0,value in Absolute Number,
2015,Ranikhet (New Castle) Disease,Outbreak,198.0,value in Absolute Number,
2015,Fowl Pox,Outbreak,141.0,value in Absolute Number,
2015,Fowl Cholera,Outbreak,15.0,value in Absolute Number,
2015,Mareks Disease,Outbreak,14.0,value in Absolute Number,
2015,I.B.D.,Outbreak,116.0,value in Absolute Number,
2015,Duck Plague,Outbreak,16.0,value in Absolute Number,
2015,Chronic Respiratory Disease,Outbreak,414.0,value in Absolute Number,
2015,Canine Distemper,Outbreak,37.0,value in Absolute Number,
2015,Rabies,Outbreak,24.0,value in Absolute Number,
2015,Babesiosis,Outbreak,79.0,value in Absolute Number,
2015,Mastitis,Outbreak,177.0,value in Absolute Number,
2015,Trypanismiasis,Outbreak,50.0,value in Absolute Number,
2015,Mange,Outbreak,43.0,value in Absolute Number,
2015,Peste Des Petits Ruminant,Outbreak,116.0,value in Absolute Number,
2015,Anaplasmosis,Outbreak,19.0,value in Absolute Number,
2015,Brucellosis,Outbreak,6.0,value in Absolute Number,
2015,Coryza,Outbreak,32.0,value in Absolute Number,
2015,Highly Pathogenic Avian Influenza,Outbreak,,value in Absolute Number,
2015,Avian Influenza,Outbreak,4.0,value in Absolute Number,value: Birds culled
2015,Equine Influenza,Outbreak,,value in Absolute Number,
2015,Glander Disease,Outbreak,5.0,value in Absolute Number,
2015,Foot & Mouth Disease,Attack,2868.0,value in Absolute Number,
2015,Haemorrhagic Septicaemia,Attack,2135.0,value in Absolute Number,
2015,Black Quarter,Attack,851.0,value in Absolute Number,
2015,Anthrax,Attack,254.0,value in Absolute Number,
2015,Fascioliasis,Attack,2749.0,value in Absolute Number,
2015,Enterotoxaemia,Attack,785.0,value in Absolute Number,
2015,Sheep & Goat Pox,Attack,2071.0,value in Absolute Number,
2015,Cow Pox,Attack,,value in Absolute Number,
2015,Buffalo Pox,Attack,,value in Absolute Number,
2015,Blue Tongue,Attack,60867.0,value in Absolute Number,
2015,C.C.P.P.,Attack,416.0,value in Absolute Number,
2015,Amphistomiasis,Attack,9153.0,value in Absolute Number,
2015,Schistosomiasis,Attack,,value in Absolute Number,
2015,Swine Fever,Attack,778.0,value in Absolute Number,
2015,Salmonellosis,Attack,60551.0,value in Absolute Number,
2015,Coccidiosis,Attack,133544.0,value in Absolute Number,
2015,Ranikhet (New Castle) Disease,Attack,693840.0,value in Absolute Number,
2015,Fowl Pox,Attack,28160.0,value in Absolute Number,
2015,Fowl Cholera,Attack,11033.0,value in Absolute Number,
2015,Mareks Disease,Attack,932000.0,value in Absolute Number,
2015,I.B.D.,Attack,642444.0,value in Absolute Number,
2015,Duck Plague,Attack,332.0,value in Absolute Number,
2015,Chronic Respiratory Disease,Attack,2644733.0,value in Absolute Number,
2015,Canine Distemper,Attack,622.0,value in Absolute Number,
2015,Rabies,Attack,96.0,value in Absolute Number,
2015,Babesiosis,Attack,1713.0,value in Absolute Number,
2015,Mastitis,Attack,13548.0,value in Absolute Number,
2015,Trypanismiasis,Attack,350.0,value in Absolute Number,
2015,Mange,Attack,1185.0,value in Absolute Number,
2015,Peste Des Petits Ruminant,Attack,4905.0,value in Absolute Number,
2015,Anaplasmosis,Attack,236.0,value in Absolute Number,
2015,Brucellosis,Attack,502.0,value in Absolute Number,
2015,Coryza,Attack,282180.0,value in Absolute Number,
2015,Highly Pathogenic Avian Influenza,Attack,,value in Absolute Number,
2015,Avian Influenza,Attack,43982.0,value in Absolute Number,value: Birds culled
2015,Equine Influenza,Attack,,value in Absolute Number,
2015,Glander Disease,Attack,20.0,value in Absolute Number,
2015,Foot & Mouth Disease,Death,92.0,value in Absolute Number,
2015,Haemorrhagic Septicaemia,Death,586.0,value in Absolute Number,
2015,Black Quarter,Death,301.0,value in Absolute Number,
2015,Anthrax,Death,254.0,value in Absolute Number,
2015,Fascioliasis,Death,0.0,value in Absolute Number,
2015,Enterotoxaemia,Death,184.0,value in Absolute Number,
2015,Sheep & Goat Pox,Death,175.0,value in Absolute Number,
2015,Cow Pox,Death,,value in Absolute Number,
2015,Buffalo Pox,Death,,value in Absolute Number,
2015,Blue Tongue,Death,6285.0,value in Absolute Number,
2015,C.C.P.P.,Death,48.0,value in Absolute Number,
2015,Amphistomiasis,Death,43.0,value in Absolute Number,
2015,Schistosomiasis,Death,,value in Absolute Number,
2015,Swine Fever,Death,259.0,value in Absolute Number,
2015,Salmonellosis,Death,1827.0,value in Absolute Number,
2015,Coccidiosis,Death,5014.0,value in Absolute Number,
2015,Ranikhet (New Castle) Disease,Death,12615.0,value in Absolute Number,
2015,Fowl Pox,Death,1114.0,value in Absolute Number,
2015,Fowl Cholera,Death,6700.0,value in Absolute Number,
2015,Mareks Disease,Death,1530.0,value in Absolute Number,
2015,I.B.D.,Death,9974.0,value in Absolute Number,
2015,Duck Plague,Death,78.0,value in Absolute Number,
2015,Chronic Respiratory Disease,Death,18797.0,value in Absolute Number,
2015,Canine Distemper,Death,1.0,value in Absolute Number,
2015,Rabies,Death,96.0,value in Absolute Number,
2015,Babesiosis,Death,6.0,value in Absolute Number,
2015,Mastitis,Death,6.0,value in Absolute Number,
2015,Trypanismiasis,Death,5.0,value in Absolute Number,
2015,Mange,Death,0.0,value in Absolute Number,
2015,Peste Des Petits Ruminant,Death,1017.0,value in Absolute Number,
2015,Anaplasmosis,Death,10.0,value in Absolute Number,
2015,Brucellosis,Death,1.0,value in Absolute Number,
2015,Coryza,Death,1686.0,value in Absolute Number,
2015,Highly Pathogenic Avian Influenza,Death,,value in Absolute Number,
2015,Avian Influenza,Death,197400.0,value in Absolute Number,value: Birds culled
2015,Equine Influenza,Death,,value in Absolute Number,
2015,Glander Disease,Death,13.0,value in Absolute Number,
